{"rxn_id": 11889, "rxn_smi": "[C:8]([C:9]([N:11]([C:12](=[S:21])[H:22])[H:20])([H:15])[H:16])([C:10]([H:17])([H:18])[H:19])([H:13])[H:14].[O:1]([C:2]([O:3][O:4])([H:6])[H:7])[H:5]>>[C:8]([C:9]([N:11][C:12](=[S:21])[H:22])([H:15])[H:16])([C:10]([H:17])([H:18])[H:19])([H:13])[H:14].[O:1]([C:2]([O:3][O:4][H:20])([H:6])[H:7])[H:5]", "conformers": [[0.6080355838536924, "O      2.035960   -3.288880   -1.998323\nC      1.243100   -4.295248   -1.396425\nO      0.530815   -3.779675   -0.283816\nO      1.398786   -3.116197    0.620667\nH      1.421207   -2.715458   -2.487924\nH      0.536861   -4.697895   -2.127766\nH      1.898145   -5.099486   -1.051582\nC     -0.965495   -0.385336   -1.177537\nC     -0.074676   -0.121197    0.032745\nC     -2.339609    0.239590   -1.002834\nN      1.228544   -0.748710   -0.119857\nC      2.348592   -0.210866   -0.712923\nH     -1.075050   -1.465850   -1.329189\nH     -0.500718    0.012086   -2.086963\nH      0.047424    0.953113    0.201988\nH     -0.523168   -0.553488    0.933574\nH     -2.264294    1.325251   -0.884401\nH     -2.847055   -0.168196   -0.122756\nH     -2.963015    0.035886   -1.879058\nH      1.344649   -1.953684    0.253783\nS      2.506505    1.305687   -1.384181\nH      3.182884   -0.933172   -0.698424\n\n"], [0.608611544783479, "O      0.823778   -3.994313    2.048982\nC      1.392552   -4.692392    0.955029\nO      2.769572   -4.389412    0.822551\nO      2.967574   -3.016450    0.534102\nH      1.150444   -4.444049    2.846021\nH      0.874474   -4.396380    0.038970\nH      1.268366   -5.769004    1.101513\nC     -0.652577   -1.098696    0.424436\nC      0.684140   -0.574655    0.939463\nC     -1.776825   -0.814557    1.406233\nN      1.767657   -0.902620    0.038533\nC      2.035454   -0.213025   -1.111211\nH     -0.589065   -2.178621    0.247927\nH     -0.889355   -0.637271   -0.541704\nH      0.645798    0.514562    1.052228\nH      0.929532   -1.015965    1.910497\nH     -1.886686    0.261230    1.576170\nH     -2.725892   -1.195817    1.016631\nH     -1.586833   -1.297707    2.370000\nH      2.439535   -1.960981    0.225509\nS      3.212463   -0.714636   -2.173310\nH      1.410025    0.683247   -1.251756\n\n"], [0.6089021433732402, "O      2.776650   -2.411936    2.460079\nC      3.186979   -3.484623    1.630793\nO      3.292551   -3.067362    0.281540\nO      2.013881   -2.838831   -0.283803\nH      3.565964   -1.859385    2.585368\nH      2.448426   -4.287890    1.699627\nH      4.154935   -3.862790    1.971706\nC      2.228883    0.962564    1.222529\nC      1.018115    0.209888    0.680396\nC      1.924496    1.616966    2.559462\nN      1.331851   -0.475707   -0.553744\nC      1.356783    0.133226   -1.777555\nH      2.544663    1.730099    0.505855\nH      3.075539    0.275743    1.338312\nH      0.679089   -0.549618    1.391832\nH      0.192017    0.904756    0.492701\nH      2.804473    2.153143    2.928273\nH      1.644986    0.868210    3.307570\nH      1.103049    2.334563    2.466994\nH      1.749429   -1.670838   -0.515047\nS      1.848866   -0.675777   -3.144388\nH      1.021812    1.182861   -1.762022\n\n"], [0.6089188530125755, "O      1.147716    3.084547    0.721538\nC      0.624847    3.546963   -0.509198\nO      1.547322    3.340455   -1.567158\nO      1.682776    1.964641   -1.880340\nH      1.021311    2.117756    0.729632\nH     -0.316842    3.036245   -0.731674\nH      0.434235    4.619713   -0.424143\nC      3.688922   -1.070519    0.218309\nC      2.719640   -0.015795    0.748632\nC      4.385902   -0.634115   -1.062778\nN      1.597529    0.218525   -0.154983\nC      0.433498   -0.516548   -0.232363\nH      3.166940   -2.016517    0.036963\nH      4.450543   -1.264185    0.982584\nH      2.338937   -0.316796    1.729369\nH      3.232551    0.943834    0.872166\nH      3.670311   -0.496277   -1.879246\nH      5.108944   -1.394094   -1.375632\nH      4.925752    0.306622   -0.914918\nH      1.793954    1.019097   -1.117993\nS     -0.070582   -1.725780    0.793677\nH     -0.180703   -0.183291   -1.086441\n\n"], [0.6089273020256887, "O      5.666971    1.435624    2.044973\nC      4.673243    0.452776    2.264430\nO      3.625886    0.582697    1.318897\nO      2.628615   -0.401746    1.524391\nH      5.302715    2.268453    2.387623\nH      4.272246    0.552145    3.277347\nH      5.127779   -0.535176    2.153352\nC      2.347322   -0.330405   -2.543419\nC      1.507847    0.531431   -1.605438\nC      2.805367    0.456111   -3.760323\nN      1.100616   -0.213440   -0.423406\nC     -0.034071   -0.978042   -0.273832\nH      3.224146   -0.714512   -2.008131\nH      1.773721   -1.204363   -2.872641\nH      2.095250    1.383918   -1.248014\nH      0.626258    0.925597   -2.120213\nH      3.415946    1.315380   -3.465056\nH      1.948929    0.823629   -4.334613\nH      3.407792   -0.178789   -4.417497\nH      1.916285   -0.252106    0.545733\nS     -1.260136   -1.201065   -1.378919\nH     -0.053065   -1.455800    0.720509\n\n"]], "reactant_frags": [[0, 1, 2, 3, 4, 5, 6], [7, 8, 9, 10, 11, 12, 13, 14, 15, 16, 17, 18, 19, 20, 21]], "ts_geom_info": [19, 3, 10, 2, 8]}